"x","y","y.1","zcat"
-0.93038219060296,0.391837030261756,0.391837030261756,"medium"
0.622249850983788,0.947040720567672,0.947040720567672,"high"
-1.49921075322448,-1.02607426741401,-1.02607426741401,"low"
-1.60172482736788,1.04780332912393,1.04780332912393,"medium"
-1.23090856515341,-0.181579728081544,-0.181579728081544,"low"
0.699594035173945,1.19813430049861,1.19813430049861,"high"
0.578774949229548,-0.145018874906509,-0.145018874906509,"medium"
-0.610034191808807,0.151765600616194,0.151765600616194,"medium"
-1.33574209238999,0.988868247831538,0.988868247831538,"medium"
-0.256398174175833,-1.50056090754307,-1.50056090754307,"low"
-0.908698143556283,0.046296936891991,0.046296936891991,"low"
-1.18960347705701,0.722043457264167,0.722043457264167,"medium"
0.868098109289876,0.214697317851622,0.214697317851622,"high"
-1.40179738846892,3.12947754942694,3.12947754942694,"high"
-0.64975534777106,-1.42978435885374,-1.42978435885374,"low"
0.664895433721726,0.514898173709277,0.514898173709277,"high"
1.48413513548642,0.365036160057383,0.365036160057383,"max"
0.87128247357565,-0.15598440429337,-0.15598440429337,"medium"
0.313841883401971,-0.676682842747132,-0.676682842747132,"medium"
-1.94762331001169,-1.74752456597241,-1.74752456597241,"min"
-2.15417878593235,1.09969441390774,1.09969441390774,"medium"
0.588239048248648,-0.399056117751931,-0.399056117751931,"medium"
-0.0613296454091967,-0.0323688662007706,-0.0323688662007706,"low"
-0.434788482846929,1.28614455846589,1.28614455846589,"medium"
0.260598603370439,-0.103545587338818,-0.103545587338818,"high"
0.973908492190909,-0.752846726669238,-0.752846726669238,"medium"
1.09096177126854,0.554573624497312,0.554573624497312,"medium"
0.221338604654041,-0.344196166761586,-0.344196166761586,"high"
-0.228324146439843,-1.26855457594021,-1.26855457594021,"low"
-0.952878151138563,-0.442604420571473,-0.442604420571473,"low"
-0.299045214823574,-1.36687413767603,-1.36687413767603,"medium"
0.723821143811704,0.338575075718989,0.338575075718989,"medium"
0.942871983069035,-0.853478508462221,-0.853478508462221,"high"
-0.370683695033436,0.122966806209262,0.122966806209262,"high"
0.470180716725277,-0.283064796838181,-0.283064796838181,"medium"
0.189986394943734,-0.170293881485947,-0.170293881485947,"medium"
0.622374905126436,-0.273108049256636,-0.273108049256636,"medium"
0.884655621911018,-0.798845656166809,-0.798845656166809,"medium"
0.263954581925338,0.496756658586923,0.496756658586923,"medium"
-0.537044701047639,-0.834839142743172,-0.834839142743172,"low"
0.386950572568316,-0.378716135992746,-0.378716135992746,"medium"
0.0709153668043105,1.70293314250028,1.70293314250028,"high"
1.03123169931083,1.14840273872614,1.14840273872614,"high"
-1.85299982976283,1.13018513020892,1.13018513020892,"low"
0.396362146430838,2.10585892336555,2.10585892336555,"high"
-0.320734083631705,0.221235017382614,0.221235017382614,"medium"
0.253724333988384,-0.618581039163758,-0.618581039163758,"low"
0.329066185126066,-0.397664423611659,-0.397664423611659,"low"
-0.785070596307037,0.240787373850319,0.240787373850319,"medium"
1.11193396693394,-0.161878873263043,-0.161878873263043,"high"
-0.794100138332422,-0.291465708316122,-0.291465708316122,"low"
-0.459658235496208,-1.0625051084367,-1.0625051084367,"medium"
-0.0844820890301799,-0.0722446507896445,-0.0722446507896445,"low"
1.0855517826257,0.301249592071333,0.301249592071333,"high"
0.670085045465441,0.222028442053943,0.222028442053943,"high"
-0.170867546489234,-0.332139624979055,-0.332139624979055,"medium"
0.145794057390267,-0.138488274247479,-0.138488274247479,"medium"
-0.914917550466163,0.652423032692075,0.652423032692075,"low"
0.510395091941075,0.133059813213258,0.133059813213258,"high"
0.340802733717762,0.441406672295392,0.441406672295392,"medium"
-0.220489447445023,-1.17160342210127,-1.17160342210127,"low"
0.864022534407962,-0.225739159837973,-0.225739159837973,"medium"
0.0497456556694959,-0.21769742964157,-0.21769742964157,"medium"
-0.187322656801453,1.1374709872891,1.1374709872891,"high"
-0.546737223836704,-2.32123547274404,-2.32123547274404,"min"
0.473994626005156,-0.610273952854073,-0.610273952854073,"high"
-0.00359222207537507,-0.20462528149489,-0.20462528149489,"low"
-0.217059922159015,0.783078665599228,0.783078665599228,"low"
3.21301232577689,1.29718084340615,1.29718084340615,"max"
0.501949450724493,1.2925907150121,1.2925907150121,"high"
0.436867661782609,0.996664024290735,0.996664024290735,"high"
2.30186050032272,-0.290460490797927,-0.290460490797927,"high"
-1.32403251742029,-0.40793420188826,-0.40793420188826,"low"
-0.402778267582796,-1.22920399187138,-1.22920399187138,"low"
0.71693682939993,-0.288981952211614,-0.288981952211614,"medium"
0.499583183316266,0.766142500246877,0.766142500246877,"high"
0.367049237767144,-0.256133141930052,-0.256133141930052,"medium"
-0.0245049813565993,2.07928865599873,2.07928865599873,"max"
0.0813923415776057,-1.93365366923235,-1.93365366923235,"low"
1.61081224331012,1.49149417766847,1.49149417766847,"high"
0.474389215319486,0.631879254100111,0.631879254100111,"medium"
-0.837645350567848,1.12952961549912,1.12952961549912,"medium"
-0.260893509487144,-0.198228279180084,-0.198228279180084,"low"
2.27721891815705,0.289946874812458,0.289946874812458,"high"
-1.49796283019926,1.24781623794513,1.24781623794513,"medium"
0.742294155984311,-1.15080258422711,-1.15080258422711,"medium"
1.2638696406305,-1.58096187765084,-1.58096187765084,"medium"
-0.769419951425126,0.442467691308896,0.442467691308896,"medium"
0.566417296785986,0.150992472307939,0.150992472307939,"high"
-0.589574549621281,-1.17903469573263,-1.17903469573263,"min"
-1.16936842326087,-0.817278358452538,-0.817278358452538,"low"
1.23230630737424,0.0620021076956587,0.0620021076956587,"medium"
0.844829778471015,-0.939541962324449,-0.939541962324449,"medium"
-0.641862560937413,-0.438789090093925,-0.438789090093925,"medium"
-0.0353101225487632,0.12759537775165,0.12759537775165,"medium"
-0.446110450752788,0.312248493050789,0.312248493050789,"high"
-1.13936604167909,1.14470835738556,1.14470835738556,"medium"
0.254754687938585,-0.529099111816789,-0.529099111816789,"medium"
0.0564073647701608,2.11031275966527,2.11031275966527,"high"
-1.14560458335523,0.537831318404269,0.537831318404269,"medium"
1.56332179351746,0.868217236096452,0.868217236096452,"high"
-1.84652503515922,-0.942972377423615,-0.942972377423615,"low"
0.9019211709824,0.225805049214774,0.225805049214774,"medium"
-1.4067738095379,-1.36988420843694,-1.36988420843694,"low"
-1.53398132783002,1.04236306461192,1.04236306461192,"medium"
0.599365832164161,-1.40428032888491,-1.40428032888491,"low"
-1.08159489393594,0.372235684428055,0.372235684428055,"low"
-0.00476131562057893,0.034459125467505,0.034459125467505,"low"
0.354098872468475,0.747426013717881,0.747426013717881,"medium"
-0.0873609981011829,0.742081620584847,0.742081620584847,"high"
0.638704289641516,-0.299100404702734,-0.299100404702734,"medium"
0.186189226494881,-0.53745487343219,-0.53745487343219,"high"
1.34319724910796,-0.581522342205023,-0.581522342205023,"medium"
-1.49745860892037,-0.682276963753994,-0.682276963753994,"low"
-1.28926518971191,1.41443758675135,1.41443758675135,"medium"
0.0099999362470537,0.012313837979588,0.012313837979588,"high"
-0.59809519209579,-0.184276995818171,-0.184276995818171,"medium"
-0.15579352865947,-0.352467203352747,-0.352467203352747,"high"
2.44942324160953,0.307030236952503,0.307030236952503,"max"
0.0211967793704892,0.139618884066956,0.139618884066956,"medium"
0.679142388680656,0.876008586186946,0.876008586186946,"medium"
-1.32848128695561,1.38352068493035,1.38352068493035,"medium"
1.04457139346477,-2.40308588010828,-2.40308588010828,"low"
-0.672705125837594,-1.36577829289749,-1.36577829289749,"low"
-1.34250255276508,-1.12913176216642,-1.12913176216642,"medium"
-1.91088970073564,1.84208903973752,1.84208903973752,"medium"
0.490413294963213,-1.16379363344173,-1.16379363344173,"low"
-0.88156775920615,0.0377891594323512,0.0377891594323512,"medium"
-1.20274755937938,-0.762971765685236,-0.762971765685236,"low"
1.97065707703242,0.401639648892341,0.401639648892341,"high"
-0.818278515465268,-0.0924243164256514,-0.0924243164256514,"low"
0.765491862202865,-0.86962428175666,-0.86962428175666,"medium"
-0.988255113767218,0.0233220353917867,0.0233220353917867,"medium"
0.447965152475519,-0.803187181281661,-0.803187181281661,"high"
-1.40941290920808,0.290224020292197,0.290224020292197,"low"
1.32438983205968,0.252856704673639,0.252856704673639,"high"
0.125809466784196,0.464418280590924,0.464418280590924,"medium"
-0.720129739689481,-0.708577494181318,-0.708577494181318,"medium"
1.01980309658957,-0.98906922922333,-0.98906922922333,"high"
0.569714839142256,0.560759270598615,0.560759270598615,"medium"
0.912148562600622,-0.690310709211506,-0.690310709211506,"medium"
0.110735933314699,0.417143917499885,0.417143917499885,"medium"
0.277485981279732,-0.672505450650797,-0.672505450650797,"medium"
0.634291012992865,-0.505596936180533,-0.505596936180533,"low"
-0.4986968132642,0.420885694736883,0.420885694736883,"medium"
0.0668835707219596,-0.188435686902913,-0.188435686902913,"medium"
1.17249734021225,-0.325705238611911,-0.325705238611911,"medium"
-0.173793101980674,1.01294434767945,1.01294434767945,"medium"
-0.17098066024046,1.53136659306767,1.53136659306767,"high"
-0.296345628528612,-1.52954765621662,-1.52954765621662,"low"
-0.773251206334172,0.237282595771915,0.237282595771915,"medium"
1.61205890014482,-0.666492810880475,-0.666492810880475,"medium"
-1.89603185423717,-3.13739755919695,-3.13739755919695,"min"
-0.233815976400766,-0.204549605336381,-0.204549605336381,"low"
-0.233096950540458,1.39033578498531,1.39033578498531,"medium"
0.0504299839793665,1.60113653095802,1.60113653095802,"high"
-0.069271200822752,0.270922513078562,0.270922513078562,"medium"
-0.343768867199431,0.316454824216822,0.316454824216822,"low"
-0.208983254199572,0.423653588213204,0.423653588213204,"medium"
0.59061013517952,-1.02035128925039,-1.02035128925039,"medium"
1.44413308265371,-0.149278335682561,-0.149278335682561,"high"
0.16854794486928,-0.208700187671717,-0.208700187671717,"high"
0.717060111671717,-0.0250119011584937,-0.0250119011584937,"high"
2.57520797678285,1.06587332576763,1.06587332576763,"max"
-0.444165677574356,0.00750304801797726,0.00750304801797726,"low"
-1.29352882519072,-0.134262645227983,-0.134262645227983,"medium"
0.550156812559314,-3.07664682155987,-3.07664682155987,"low"
0.181720493133994,-1.33790594808563,-1.33790594808563,"low"
-0.716363286952374,-0.0393467662662323,-0.0393467662662323,"low"
-0.810958232064482,-0.967334471806182,-0.967334471806182,"low"
1.0827730735285,-0.647654524098835,-0.647654524098835,"medium"
0.975726835712,-1.54478805522895,-1.54478805522895,"low"
2.05832376595507,-0.456140251182042,-0.456140251182042,"high"
-0.0244300895383716,-0.250031671895461,-0.250031671895461,"medium"
-1.34824634044708,1.50370694996416,1.50370694996416,"high"
-0.530673920344513,0.307906829971246,0.307906829971246,"medium"
-0.034033994034791,1.15147749638459,1.15147749638459,"medium"
0.947717348142235,-0.237274728991094,-0.237274728991094,"high"
-0.587795683338173,-1.01148796542487,-1.01148796542487,"medium"
-0.801457693780216,1.20281219572609,1.20281219572609,"high"
-0.398299628485515,0.421603567999157,0.421603567999157,"medium"
-1.27034397888961,0.0403694515577371,0.0403694515577371,"low"
1.12537440165723,1.04461238907802,1.04461238907802,"medium"
-1.28090430188148,-1.09593083264997,-1.09593083264997,"low"
0.285853305962115,-0.851847647136068,-0.851847647136068,"medium"
-1.60239275387751,0.442359194920425,0.442359194920425,"low"
0.292107281906262,1.35581713064169,1.35581713064169,"high"
0.474445021392435,1.4749154906299,1.4749154906299,"high"
0.630895206231196,0.446671798287709,0.446671798287709,"high"
-0.953577942663698,0.83817234064344,0.83817234064344,"medium"
-1.40822270926643,0.339923467172603,0.339923467172603,"medium"
-0.631098052764361,0.432051151709084,0.432051151709084,"medium"
-1.22752881863585,-0.755319074735642,-0.755319074735642,"min"
-0.677101667348485,1.55052415174072,1.55052415174072,"medium"
1.03413516753418,1.70041436037562,1.70041436037562,"max"
-0.542842284742941,0.159357310192208,0.159357310192208,"medium"
-0.507525993296921,-1.33317768746282,-1.33317768746282,"low"
-1.5658811856337,-0.080115148965808,-0.080115148965808,"low"
-0.494507073088407,0.343388212742778,0.343388212742778,"medium"
0.332781557442368,-1.18172838415126,-1.18172838415126,"low"
-0.355001094415769,0.236041606730683,0.236041606730683,"medium"
0.705420933992676,1.7263631646152,1.7263631646152,"max"
-1.27456427778622,-1.63834799932471,-1.63834799932471,"min"
0.404387384299204,0.87965513238203,0.87965513238203,"max"
-1.36075869654412,0.104920405716242,0.104920405716242,"low"
0.942648650861165,-1.6181629749678,-1.6181629749678,"medium"
0.743621679831551,-0.692733457441793,-0.692733457441793,"high"
-1.06763965731175,-1.95967504493107,-1.95967504493107,"low"
-0.122513208512302,-1.18951256423003,-1.18951256423003,"low"
0.410996337909936,-1.78237441293141,-1.78237441293141,"low"
0.892908898836887,0.341545006446971,0.341545006446971,"high"
0.717260666735588,-2.35083922082019,-2.35083922082019,"low"
0.908813326208055,0.304174704204381,0.304174704204381,"high"
1.02262373650851,0.415743160230623,0.415743160230623,"high"
0.0851133010225524,-0.099042751096978,-0.099042751096978,"medium"
-0.917446890335306,-0.274435305230084,-0.274435305230084,"medium"
-0.316335565203454,0.22186676089707,0.22186676089707,"medium"
1.43403155861136,1.09603831275441,1.09603831275441,"high"
0.15721000668405,0.437849349113914,0.437849349113914,"medium"
-0.456513339092731,-2.09483899053597,-2.09483899053597,"low"
0.0445885715142623,-1.23496242766125,-1.23496242766125,"medium"
1.90000325958941,0.266533647310175,0.266533647310175,"high"
-0.265609518777817,0.418042930125942,0.418042930125942,"medium"
-0.194010917092814,0.265467446442646,0.265467446442646,"medium"
-0.17344680285298,0.318538834670436,0.318538834670436,"medium"
-1.4977303761728,-0.527305997040719,-0.527305997040719,"low"
-1.61644773703956,1.27828061864328,1.27828061864328,"medium"
0.620589594567591,-0.519972108918892,-0.519972108918892,"medium"
-0.33262955031326,0.254059737322965,0.254059737322965,"medium"
0.386054844041672,-1.24528143068893,-1.24528143068893,"low"
0.00117228097773968,0.325535917275633,0.325535917275633,"high"
1.48444907545554,1.40426061256154,1.40426061256154,"high"
0.195329310494911,0.330579205181011,0.330579205181011,"medium"
-1.10970196454072,0.15862697294102,0.15862697294102,"low"
-0.6039181956226,0.934179063660415,0.934179063660415,"medium"
-1.19380195760876,0.0917690735073549,0.0917690735073549,"low"
-0.502769735274838,2.31727446898125,2.31727446898125,"high"
-0.93396778773924,0.1955507744327,0.1955507744327,"medium"
-0.207170371534456,0.338147894194513,0.338147894194513,"high"
1.46742174962241,-1.0720777139056,-1.0720777139056,"medium"
-0.264138215175807,0.870685694708684,0.870685694708684,"high"
-0.896575831969168,-1.14109325541166,-1.14109325541166,"low"
-0.231190880825616,-0.369224841541578,-0.369224841541578,"medium"
1.42624155496716,1.45922960569347,1.45922960569347,"medium"
0.648566560224176,0.609669509070423,0.609669509070423,"high"
-0.323085971199757,-0.853074674186414,-0.853074674186414,"medium"
-1.67066090231193,-1.06032754151003,-1.06032754151003,"min"
0.12989339654745,1.00786152328211,1.00786152328211,"medium"
0.474195889197834,0.051246375024836,0.051246375024836,"medium"
-1.43521725335553,0.266561874464242,0.266561874464242,"low"
1.21035507385189,0.00986670750946555,0.00986670750946555,"high"
-0.478916568364813,0.197098273960491,0.197098273960491,"low"
1.12618090061749,-1.54293348738695,-1.54293348738695,"medium"
-1.46148450642605,0.470870736784259,0.470870736784259,"low"
1.20848814048507,0.456330299659844,0.456330299659844,"medium"
-1.12860670346451,0.395142192065314,0.395142192065314,"low"
-0.445000943092566,-0.557847518971498,-0.557847518971498,"low"
-0.344749615919918,0.739818043535261,0.739818043535261,"medium"
0.234729245549544,-0.179101565790714,-0.179101565790714,"high"
-0.396946086815499,0.147644468773631,0.147644468773631,"low"
-1.16238114595822,0.281197361038048,0.281197361038048,"medium"
-0.738410201042021,-1.00962477350418,-1.00962477350418,"low"
0.52518624674527,-0.111792534370706,-0.111792534370706,"medium"
-2.10939283397583,-0.716097520740744,-0.716097520740744,"low"
0.865714654279718,0.0117893436646069,0.0117893436646069,"high"
1.31907717493675,-0.0158612924729578,-0.0158612924729578,"medium"
0.223666067636623,0.341627117083014,0.341627117083014,"medium"
-0.169399850270627,-0.313167127053229,-0.313167127053229,"medium"
-0.603351123276372,-1.7026060088038,-1.7026060088038,"low"
0.884171927059795,0.325499876923814,0.325499876923814,"medium"
-0.745728674960581,0.335615891471096,0.335615891471096,"low"
0.968556084899886,1.00975586363095,1.00975586363095,"max"
1.94223208859837,-1.65631069087441,-1.65631069087441,"low"
-1.00595408926932,0.206979886886064,0.206979886886064,"medium"
1.3543028097344,-0.244516404263581,-0.244516404263581,"medium"
-0.149410606273729,0.690119614480435,0.690119614480435,"medium"
-0.318085106485433,0.249602094504824,0.249602094504824,"high"
-0.240948061433448,-1.05383267038439,-1.05383267038439,"low"
-0.55647785732958,-0.759430976305202,-0.759430976305202,"low"
-0.0534663847820041,-0.447755043596377,-0.447755043596377,"medium"
-1.25362960284146,-0.658403731539508,-0.658403731539508,"low"
1.3223083720037,-0.661849939813122,-0.661849939813122,"medium"
0.286047171705906,-0.673343904296967,-0.673343904296967,"low"
0.402353027355531,-0.15543869372149,-0.15543869372149,"high"
0.805387465543593,-0.476312612166966,-0.476312612166966,"high"
0.320867893076437,1.88729310572561,1.88729310572561,"high"
-0.416773006827925,-1.16788205762342,-1.16788205762342,"low"
-0.88347868761615,-0.739903519177692,-0.739903519177692,"low"
-0.325643907945463,-0.582442822692229,-0.582442822692229,"low"
-0.561407473117926,-0.0994590433618384,-0.0994590433618384,"medium"
1.81526230225362,0.315649345629603,0.315649345629603,"high"
-0.00144437769902672,-0.513930312161472,-0.513930312161472,"medium"
0.686486451599363,-0.48681250414729,-0.48681250414729,"high"
0.135727536645742,-0.165107857788788,-0.165107857788788,"high"
0.0429864294812523,1.23135310628317,1.23135310628317,"high"
2.04075954284502,-1.71839306971471,-1.71839306971471,"medium"
0.817265667638321,0.754489794531805,0.754489794531805,"medium"
2.01192403429804,-0.894459777225815,-0.894459777225815,"high"
-2.22706384909534,0.392777262005086,0.392777262005086,"low"
-0.757103876130385,-0.824570294603895,-0.824570294603895,"low"
0.166490740303318,-1.76602041245492,-1.76602041245492,"low"
-1.14368882519058,0.431347101822959,0.431347101822959,"medium"
0.631908584326491,1.195210172634,1.195210172634,"medium"
-0.186253104395553,0.961969418813705,0.961969418813705,"medium"
0.176604086383942,-0.0802636552012526,-0.0802636552012526,"high"
-0.448519424230868,-1.44764576463839,-1.44764576463839,"low"
-0.447281694274705,0.721971306048258,0.721971306048258,"medium"
0.81986692500132,0.0015415896036852,0.0015415896036852,"high"
-0.24821377893634,0.564208449629433,0.564208449629433,"medium"
-0.451230449850938,0.751406948793296,0.751406948793296,"medium"
-1.14995077237414,-1.10926314344914,-1.10926314344914,"low"
-2.88626847293194,-0.393209238844499,-0.393209238844499,"low"
1.67678676137858,0.107290257362731,0.107290257362731,"medium"
0.319645045079686,-1.17477693307595,-1.17477693307595,"low"
-1.29284736474367,-0.324613691689825,-0.324613691689825,"low"
0.0909684952181412,0.296438676316183,0.296438676316183,"medium"
-0.837727461014691,-0.101626434957881,-0.101626434957881,"medium"
1.47189795345616,-0.328518746794736,-0.328518746794736,"medium"
0.116512618562897,0.30119225205014,0.30119225205014,"medium"
-1.71660258319562,-0.172810858399321,-0.172810858399321,"medium"
-0.00965850989940593,1.02522948547139,1.02522948547139,"medium"
-0.647755896433241,0.121445118137285,0.121445118137285,"medium"
1.45450983920419,0.338366096038997,0.338366096038997,"high"
0.0941659749262591,-2.74930248836273,-2.74930248836273,"low"
0.41448338965088,1.47032360987423,1.47032360987423,"high"
0.175836766992346,0.547106695260306,0.547106695260306,"medium"
-1.12077586821244,-0.476499717325209,-0.476499717325209,"low"
-1.06060936952438,0.542642248813409,0.542642248813409,"medium"
2.84237101066486,-1.06145318472975,-1.06145318472975,"medium"
-2.28132237895521,-1.64494694179406,-1.64494694179406,"low"
-2.35897696082052,0.487117449902742,0.487117449902742,"medium"
0.191431414905038,-0.746370072241047,-0.746370072241047,"low"
-1.06859869697495,-0.0610250192613617,-0.0610250192613617,"medium"
-0.013114549269443,-1.70921569018384,-1.70921569018384,"medium"
-0.868311321731313,1.64355172711135,1.64355172711135,"medium"
-0.81209360447141,-0.0869363872926189,-0.0869363872926189,"low"
1.00352522315428,0.761477579674113,0.761477579674113,"high"
0.185811455400243,-0.0250671541058299,-0.0250671541058299,"medium"
1.44070035553031,-0.234904120826134,-0.234904120826134,"high"
-2.93566208673992,2.06396572830227,2.06396572830227,"medium"
-0.860275560676048,-0.711387112576113,-0.711387112576113,"low"
0.268728559203429,0.143610396572181,0.143610396572181,"high"
0.578674424968486,0.78765953321486,0.78765953321486,"high"
-0.516363735712644,1.1544180122007,1.1544180122007,"medium"
-0.376960484980015,0.0984620639676771,0.0984620639676771,"medium"
-0.787057699218971,0.183085946689964,0.183085946689964,"medium"
-0.508141526010546,0.987137528981635,0.987137528981635,"high"
-0.828468958503441,0.0485836403278833,0.0485836403278833,"medium"
1.5742255204577,1.69002506350717,1.69002506350717,"max"
-1.46707051553322,1.06018753911596,1.06018753911596,"medium"
1.15818398297688,-2.15626334113599,-2.15626334113599,"low"
-0.0743208252399273,-1.21762738216506,-1.21762738216506,"low"
1.53704030178455,2.21713036452352,2.21713036452352,"max"
0.20184750407686,0.0884592305883917,0.0884592305883917,"medium"
-1.81236564088409,-0.413966493885518,-0.413966493885518,"min"
0.689345911354187,0.327453225064856,0.327453225064856,"medium"
0.00134576132195521,-0.752030574154655,-0.752030574154655,"medium"
-0.743340758895552,-1.53809518642428,-1.53809518642428,"low"
-0.706404224544853,-0.324752313000224,-0.324752313000224,"low"
-0.261251789454791,-0.613880752428727,-0.613880752428727,"medium"
0.0345982071431261,0.043301707938117,0.043301707938117,"medium"
0.758697457143582,-1.10515608416049,-1.10515608416049,"medium"
-1.33003279553699,-0.320478045409248,-0.320478045409248,"medium"
2.07983421181675,-0.0678529060032206,-0.0678529060032206,"medium"
0.240472631555675,-0.334411404351597,-0.334411404351597,"medium"
1.38188018577434,-0.526618039885284,-0.526618039885284,"low"
0.250775513853419,-0.173110200715023,-0.173110200715023,"medium"
-0.291073069741642,0.142482683056325,0.142482683056325,"medium"
0.180450874714329,-1.0413303569772,-1.0413303569772,"low"
1.10788817449785,0.640434403101616,0.640434403101616,"high"
0.0384162326683088,0.504527232146843,0.504527232146843,"medium"
0.381279442789441,-0.733320163851633,-0.733320163851633,"medium"
0.418036996368292,1.02759159314513,1.02759159314513,"high"
-1.11481632189431,-0.357276678908893,-0.357276678908893,"low"
0.6943157136515,0.661345413224386,0.661345413224386,"medium"
1.01338405613095,-0.5529633157829,-0.5529633157829,"medium"
0.160508485505802,1.1581065282938,1.1581065282938,"high"
0.686805224531443,-0.572048601084403,-0.572048601084403,"medium"
-2.33417810040807,-0.367959051558758,-0.367959051558758,"low"
-0.60208878289343,0.53419145335384,0.53419145335384,"high"
0.967517489935433,-0.268858456962577,-0.268858456962577,"high"
-0.190627704111267,-2.4559267466285,-2.4559267466285,"low"
1.65141331796199,-0.208704768053149,-0.208704768053149,"high"
1.60343429980224,0.245696368514206,0.245696368514206,"high"
-0.0511056534668132,-1.48302357635264,-1.48302357635264,"medium"
1.11097005794482,-0.363143708593338,-0.363143708593338,"high"
0.137238527731987,-0.93673480555687,-0.93673480555687,"medium"
-1.67339988623595,-0.593047542022853,-0.593047542022853,"low"
-0.541472797781653,0.0586114149813541,0.0586114149813541,"low"
0.0245084976562819,0.421822341754984,0.421822341754984,"high"
0.128986906986842,-1.18135321085994,-1.18135321085994,"low"
0.345763686029814,0.313188020781638,0.313188020781638,"high"
-0.739836418031557,-0.0348897684972737,-0.0348897684972737,"medium"
-0.367582684276136,0.0280114673145313,0.0280114673145313,"medium"
-1.64120584275363,1.71290492784604,1.71290492784604,"high"
-1.65905078052265,-1.42909457721993,-1.42909457721993,"min"
-0.0144685402684993,1.87428061959726,1.87428061959726,"medium"
-0.397891931067236,0.555350701444204,0.555350701444204,"medium"
0.438891797341248,1.57288680579802,1.57288680579802,"high"
-0.242636884426734,1.25167631040008,1.25167631040008,"high"
0.536150814480339,-0.394877293981914,-0.394877293981914,"low"
-0.269195798939847,-1.09830712560442,-1.09830712560442,"low"
-0.187165103632786,-0.561710926608452,-0.561710926608452,"low"
0.120808478144398,2.54223696449209,2.54223696449209,"max"
-0.568646445714521,0.685491090424919,0.685491090424919,"medium"
-1.30255535858053,1.18217644637016,1.18217644637016,"medium"
-0.264579916522098,0.888613556395022,0.888613556395022,"high"
0.333108825323678,1.02980189915612,1.02980189915612,"high"
0.164633729505091,-1.10181691838341,-1.10181691838341,"medium"
-0.22676651163205,-1.12842188910745,-1.12842188910745,"low"
-1.0230701912581,0.220882608397234,0.220882608397234,"medium"
0.431380018733346,0.795020669850431,0.795020669850431,"medium"
0.637093157822387,-0.182475957068824,-0.182475957068824,"high"
-0.224903689003113,0.0402530331135939,0.0402530331135939,"high"
-0.48796772055004,-0.329009281170508,-0.329009281170508,"low"
-0.212699177342551,1.74366484257568,1.74366484257568,"medium"
1.13045050525828,-0.0934645340696088,-0.0934645340696088,"medium"
-1.28071803338147,-0.448771197516371,-0.448771197516371,"low"
-0.621875657716273,-0.268652561351728,-0.268652561351728,"medium"
-0.0467691540347917,-1.92642103706325,-1.92642103706325,"medium"
-2.27061221696853,0.577637629770903,0.577637629770903,"medium"
1.15417632933719,0.207912198945632,0.207912198945632,"high"
0.0630502202686563,-0.0531276029347466,-0.0531276029347466,"medium"
-0.0499948434803679,-0.958329038535596,-0.958329038535596,"medium"
-1.01822475570001,-3.23896933447698,-3.23896933447698,"min"
1.22767750096368,1.84886977313196,1.84886977313196,"high"
2.17617549251599,0.881575048695829,0.881575048695829,"max"
-0.179716122242443,-0.120143852332502,-0.120143852332502,"medium"
0.292619563542465,0.247717928421734,0.247717928421734,"medium"
1.70899788578418,0.56671378610589,0.56671378610589,"high"
-2.09366820364427,-1.36190577913983,-1.36190577913983,"min"
0.36394235705316,-0.659494361473116,-0.659494361473116,"high"
0.22259117467058,1.38991724569059,1.38991724569059,"high"
-0.86349534354484,1.25416187867239,1.25416187867239,"high"
-0.107830301289096,1.1009015038019,1.1009015038019,"high"
0.223589774520521,-0.292158884871501,-0.292158884871501,"medium"
-0.327207943804947,0.318072385061127,0.318072385061127,"medium"
-1.07731077606075,1.13396544744821,1.13396544744821,"medium"
0.851617062812522,-1.3498238815011,-1.3498238815011,"low"
0.775064018983388,-0.692572887394413,-0.692572887394413,"low"
-0.518663684190305,0.314364624743801,0.314364624743801,"medium"
0.589124078517269,-0.410105077448649,-0.410105077448649,"medium"
-0.48348040090998,0.777217914237692,0.777217914237692,"medium"
-0.411015300073063,-0.324434890444162,-0.324434890444162,"low"
-0.912897646223281,-0.369121854747269,-0.369121854747269,"low"
1.08475656533391,-2.16811635546035,-2.16811635546035,"medium"
1.98304938579848,1.43054240239289,1.43054240239289,"max"
-0.114366769551748,0.635053530536629,0.635053530536629,"medium"
-0.190470337901162,1.42484265966582,1.42484265966582,"high"
-0.496274540588065,0.0780453827151318,0.0780453827151318,"medium"
-0.401486347289786,0.804501667344253,0.804501667344253,"medium"
-0.198295792189029,0.209110140806319,0.209110140806319,"high"
0.758900839733674,-0.597058985490329,-0.597058985490329,"medium"
1.65467097521956,0.184011715013545,0.184011715013545,"high"
0.939370174182143,-0.823163638124493,-0.823163638124493,"medium"
1.67465400779158,-1.9658943947589,-1.9658943947589,"high"
-0.0527085370448648,1.05295814320562,1.05295814320562,"medium"
0.522061986958933,-0.13400758530965,-0.13400758530965,"medium"
0.853005112679357,-0.765831708874792,-0.765831708874792,"low"
-0.600171942949956,-0.267285914725754,-0.267285914725754,"medium"
-0.222847088569203,-0.964590798375487,-0.964590798375487,"low"
-0.310799424052663,0.927511040409069,0.927511040409069,"medium"
-0.191201491818321,2.60980833404268,2.60980833404268,"high"
-0.00227776620982981,0.16740588444182,0.16740588444182,"high"
1.24574826870974,0.68607298605137,0.68607298605137,"high"
-0.387373114083259,-0.997079944266575,-0.997079944266575,"low"
-0.738407115610133,-0.993951498765713,-0.993951498765713,"low"
-0.0504444780088563,-0.503027660862019,-0.503027660862019,"medium"
0.246223998776294,0.593367094099845,0.593367094099845,"medium"
1.02460224387408,0.444288086636145,0.444288086636145,"high"
0.230682890906669,0.984629559695912,0.984629559695912,"high"
-0.64756812658249,0.659749385361802,0.659749385361802,"low"
0.879076352935113,1.63015150030253,1.63015150030253,"high"
-0.297178344809576,-1.53498398937018,-1.53498398937018,"low"
-1.83450175148656,0.134673714180994,0.134673714180994,"low"
0.772412270104855,-1.77560572185101,-1.77560572185101,"low"
-0.438799706548282,-1.60771070622589,-1.60771070622589,"low"
0.10822906849881,-0.496136348249372,-0.496136348249372,"medium"
1.30959079944825,1.44215776017378,1.44215776017378,"high"
-0.863799247830008,-1.15865954006343,-1.15865954006343,"low"
-0.124841201999743,1.89376245343978,1.89376245343978,"high"
-0.182717726656662,0.563952559970171,0.563952559970171,"high"
-1.39009676005938,-2.03090497268165,-2.03090497268165,"min"
0.665154721560827,0.197140406071919,0.197140406071919,"high"
-0.517375494315336,0.445284169325359,0.445284169325359,"medium"
0.0342964730766467,0.00679740121001181,0.00679740121001181,"medium"
-0.568519081890351,-0.0135037711553167,-0.0135037711553167,"low"
0.903070852086458,-0.775203632748781,-0.775203632748781,"medium"
-0.000636618727258201,0.591516674685479,0.591516674685479,"high"
-1.46362952230414,2.09771248093444,2.09771248093444,"high"
0.968095661093619,0.19269833298517,0.19269833298517,"high"
0.912849183740652,-0.291938836168248,-0.291938836168248,"medium"
2.81668453418804,-1.06084499889128,-1.06084499889128,"high"
1.60834652603002,0.790219150374978,0.790219150374978,"high"
-0.63873802175216,0.0759074663769031,0.0759074663769031,"medium"
0.908413788314581,1.45983349486621,1.45983349486621,"high"
1.2155906989492,0.0363959466680802,0.0363959466680802,"medium"
1.06158988532738,2.57460149630209,2.57460149630209,"max"
-0.695668218641105,-0.208220033671277,-0.208220033671277,"low"
-1.33266054092945,-1.13454616922958,-1.13454616922958,"low"
