"";"ar";"motstand";"sesong";"publikum";"antall_polser";"antall_kaffe";"polser_kjop";"kaffe_kjop"
"1";2022;"Valerenga";"pre";707;546;379;1000;800
"2";2022;"Lorenskog IK";"pre";731;139;219;1000;800
"3";2022;"Oilers";"pre";749;179;143;1000;800
"4";2022;"Sparta Sarpsborg";"pre";729;260;497;1000;800
"5";2022;"Comet Halden";"pre";574;525;136;1000;800
"6";2022;"Arctic Eagles Narvik";"pre";633;262;376;1000;800
"7";2022;"Comet Halden";"pre";570;122;259;1000;800
"8";2022;"Sparta Sarpsborg";"mid";805;345;188;1000;800
"9";2022;"Storhamar";"mid";1271;978;361;1000;800
"10";2022;"Lorenskog IK";"mid";962;515;909;1000;800
"11";2022;"Lorenskog IK";"mid";1070;522;139;1000;800
"12";2022;"Stjernen";"mid";763;476;391;1000;800
"13";2022;"Arctic Eagles Narvik";"mid";652;405;365;1000;800
"14";2022;"Storhamar";"mid";1253;684;715;1000;800
"15";2022;"Frisk Asker Hockey";"mid";650;209;95;1000;800
"16";2022;"Arctic Eagles Narvik";"mid";721;51;637;1000;800
"17";2022;"Frisk Asker Hockey";"mid";822;590;706;1000;800
"18";2022;"Stjernen";"end";965;427;490;1000;800
"19";2022;"Sparta Sarpsborg";"end";798;734;74;1000;800
"20";2022;"Oilers";"end";1073;745;507;1000;800
"21";2022;"Oilers";"end";802;677;27;1000;800
"22";2022;"Comet Halden";"end";836;319;133;1000;800
"23";2022;"Frisk Asker Hockey";"end";1103;529;125;1000;800
"24";2022;"Valerenga";"end";1073;279;715;1000;800
"25";2022;"Storhamar";"end";1501;1406;814;1000;800
"26";2022;"Valerenga";"end";973;603;579;1000;800
"27";2022;"Stjernen";"end";726;472;392;1000;800
"28";2023;"Valerenga";"pre";757;511;444;1100;800
"29";2023;"Lorenskog IK";"pre";841;757;360;1100;800
"30";2023;"Oilers";"pre";666;271;102;1100;800
"31";2023;"Sparta Sarpsborg";"pre";620;219;301;1100;800
"32";2023;"Comet Halden";"pre";689;557;233;1100;800
"33";2023;"Arctic Eagles Narvik";"pre";625;94;224;1100;800
"34";2023;"Comet Halden";"pre";562;537;429;1100;800
"35";2023;"Sparta Sarpsborg";"mid";771;623;39;1100;800
"36";2023;"Storhamar";"mid";1324;785;969;1100;800
"37";2023;"Lorenskog IK";"mid";1015;702;748;1100;800
"38";2023;"Lorenskog IK";"mid";1136;582;11;1100;800
"39";2023;"Stjernen";"mid";706;477;531;1100;800
"40";2023;"Arctic Eagles Narvik";"mid";772;372;590;1100;800
"41";2023;"Storhamar";"mid";1433;647;788;1100;800
"42";2023;"Frisk Asker Hockey";"mid";956;250;153;1100;800
"43";2023;"Arctic Eagles Narvik";"mid";778;598;82;1100;800
"44";2023;"Frisk Asker Hockey";"mid";743;222;133;1100;800
"45";2023;"Stjernen";"end";982;877;732;1100;800
"46";2023;"Sparta Sarpsborg";"end";967;201;309;1100;800
"47";2023;"Oilers";"end";1071;251;549;1100;800
"48";2023;"Oilers";"end";1057;249;201;1100;800
"49";2023;"Comet Halden";"end";795;764;49;1100;800
"50";2023;"Frisk Asker Hockey";"end";1110;1046;268;1100;800
"51";2023;"Valerenga";"end";1200;698;919;1100;800
"52";2023;"Storhamar";"end";1587;913;731;1100;800
"53";2023;"Valerenga";"end";1285;637;449;1100;800
"54";2023;"Stjernen";"end";898;186;532;1100;800
"55";2024;"Valerenga";"pre";867;506;677;1200;800
"56";2024;"Lorenskog IK";"pre";891;612;640;1200;800
"57";2024;"Oilers";"pre";1032;346;516;1200;800
"58";2024;"Sparta Sarpsborg";"pre";618;236;246;1200;800
"59";2024;"Comet Halden";"pre";572;246;267;1200;800
"60";2024;"Arctic Eagles Narvik";"pre";672;465;405;1200;800
"61";2024;"Comet Halden";"pre";595;192;328;1200;800
"62";2024;"Sparta Sarpsborg";"mid";962;787;92;1200;800
"63";2024;"Storhamar";"mid";1396;627;519;1200;800
"64";2024;"Lorenskog IK";"mid";855;304;86;1200;800
"65";2024;"Lorenskog IK";"mid";736;386;133;1200;800
"66";2024;"Stjernen";"mid";932;590;434;1200;800
"67";2024;"Arctic Eagles Narvik";"mid";931;104;262;1200;800
"68";2024;"Storhamar";"mid";1355;363;746;1200;800
"69";2024;"Frisk Asker Hockey";"mid";898;747;467;1200;800
"70";2024;"Arctic Eagles Narvik";"mid";783;182;437;1200;800
"71";2024;"Frisk Asker Hockey";"mid";662;354;504;1200;800
"72";2024;"Stjernen";"end";1011;131;115;1200;800
"73";2024;"Sparta Sarpsborg";"end";1092;1015;27;1200;800
"74";2024;"Oilers";"end";1192;456;465;1200;800
"75";2024;"Oilers";"end";1130;944;560;1200;800
"76";2024;"Comet Halden";"end";1042;255;281;1200;800
"77";2024;"Frisk Asker Hockey";"end";1210;751;630;1200;800
"78";2024;"Valerenga";"end";1158;1107;202;1200;800
"79";2024;"Storhamar";"end";1480;1118;1259;1200;800
"80";2024;"Valerenga";"end";1094;391;254;1200;800
"81";2024;"Stjernen";"end";1105;427;94;1200;800
